{
  "content": [
    {
      "path": "ContentInfo/oldtrafford-scene/Thumbnail.jpg",
      "size": 18871,
      "date": 132433135372980906
    },
    {
      "path": "scenery/global/scenery/modelLib.BGL",
      "size": 12237856,
      "date": 132433214138134580
    },
    {
      "path": "scenery/global/scenery/TEXTURE/BN_RED.PNG.DDS",
      "size": 2134048,
      "date": 132433214102514598
    },
    {
      "path": "scenery/global/scenery/TEXTURE/BN_RED.PNG.DDS.json",
      "size": 102,
      "date": 132433214102484586
    },
    {
      "path": "scenery/global/scenery/TEXTURE/BRICK_RED_V001.PNG.DDS",
      "size": 699192,
      "date": 132433214104944591
    },
    {
      "path": "scenery/global/scenery/TEXTURE/BRICK_RED_V001.PNG.DDS.json",
      "size": 102,
      "date": 132433214104934587
    },
    {
      "path": "scenery/global/scenery/TEXTURE/CONCRETE_GRAY.PNG.DDS",
      "size": 327816,
      "date": 132433214108184588
    },
    {
      "path": "scenery/global/scenery/TEXTURE/CONCRETE_GRAY.PNG.DDS.json",
      "size": 102,
      "date": 132433214108174583
    },
    {
      "path": "scenery/global/scenery/TEXTURE/CONCRETE_V001_WHITE.PNG.DDS",
      "size": 327816,
      "date": 132433214121694602
    },
    {
      "path": "scenery/global/scenery/TEXTURE/CONCRETE_V001_WHITE.PNG.DDS.json",
      "size": 102,
      "date": 132433214121674603
    },
    {
      "path": "scenery/global/scenery/TEXTURE/GRASS_V001.PNG.DDS",
      "size": 327816,
      "date": 132433214112044605
    },
    {
      "path": "scenery/global/scenery/TEXTURE/GRASS_V001.PNG.DDS.json",
      "size": 102,
      "date": 132433214112034599
    },
    {
      "path": "scenery/global/scenery/TEXTURE/GRASS_V002.PNG.DDS",
      "size": 327816,
      "date": 132433214122714594
    },
    {
      "path": "scenery/global/scenery/TEXTURE/GRASS_V002.PNG.DDS.json",
      "size": 102,
      "date": 132433214122704597
    },
    {
      "path": "scenery/global/scenery/TEXTURE/GRASS_V002_W_MARKER.PNG.DDS",
      "size": 327816,
      "date": 132433214111004584
    },
    {
      "path": "scenery/global/scenery/TEXTURE/GRASS_V002_W_MARKER.PNG.DDS.json",
      "size": 102,
      "date": 132433214110984594
    },
    {
      "path": "scenery/global/scenery/TEXTURE/PAINT_BLACK.PNG.DDS",
      "size": 327816,
      "date": 132433214107134603
    },
    {
      "path": "scenery/global/scenery/TEXTURE/PAINT_BLACK.PNG.DDS.json",
      "size": 102,
      "date": 132433214107124595
    },
    {
      "path": "scenery/global/scenery/TEXTURE/PAINT_GRAY.PNG.DDS",
      "size": 327816,
      "date": 132433214109904594
    },
    {
      "path": "scenery/global/scenery/TEXTURE/PAINT_GRAY.PNG.DDS.json",
      "size": 102,
      "date": 132433214109884595
    },
    {
      "path": "scenery/global/scenery/TEXTURE/PAINT_RED_001-1.PNG.DDS",
      "size": 655504,
      "date": 132433214105944595
    },
    {
      "path": "scenery/global/scenery/TEXTURE/PAINT_RED_001-1.PNG.DDS.json",
      "size": 119,
      "date": 132433214105934593
    },
    {
      "path": "scenery/global/scenery/TEXTURE/PAINT_RED_001.PNG.DDS",
      "size": 327816,
      "date": 132433214098884582
    },
    {
      "path": "scenery/global/scenery/TEXTURE/PAINT_RED_001.PNG.DDS.json",
      "size": 102,
      "date": 132433214098874598
    },
    {
      "path": "scenery/global/scenery/TEXTURE/PAINT_RED_002.PNG.DDS",
      "size": 327816,
      "date": 132433214120694606
    },
    {
      "path": "scenery/global/scenery/TEXTURE/PAINT_RED_002.PNG.DDS.json",
      "size": 102,
      "date": 132433214120684594
    },
    {
      "path": "scenery/global/scenery/TEXTURE/PAINT_WHITE.PNG.DDS",
      "size": 327816,
      "date": 132433214113124590
    },
    {
      "path": "scenery/global/scenery/TEXTURE/PAINT_WHITE.PNG.DDS.json",
      "size": 102,
      "date": 132433214113114603
    },
    {
      "path": "scenery/global/scenery/TEXTURE/ROAD.PNG.DDS",
      "size": 3004688,
      "date": 132433214117184591
    },
    {
      "path": "scenery/global/scenery/TEXTURE/ROAD.PNG.DDS.json",
      "size": 119,
      "date": 132433214117154598
    },
    {
      "path": "scenery/global/scenery/TEXTURE/ROAD_BUMP.PNG.DDS",
      "size": 3004688,
      "date": 132433214114534596
    },
    {
      "path": "scenery/global/scenery/TEXTURE/ROAD_BUMP.PNG.DDS.json",
      "size": 177,
      "date": 132433214114494594
    },
    {
      "path": "scenery/global/scenery/TEXTURE/ROAD_RED.PNG.DDS",
      "size": 1502408,
      "date": 132433214119674579
    },
    {
      "path": "scenery/global/scenery/TEXTURE/ROAD_RED.PNG.DDS.json",
      "size": 102,
      "date": 132433214119644583
    },
    {
      "path": "scenery/global/scenery/TEXTURE/SEAT_02_BLACK.PNG.DDS",
      "size": 167808,
      "date": 132433214103114592
    },
    {
      "path": "scenery/global/scenery/TEXTURE/SEAT_02_BLACK.PNG.DDS.json",
      "size": 102,
      "date": 132433214103094588
    },
    {
      "path": "scenery/global/scenery/TEXTURE/SEAT_02_RED.PNG.DDS",
      "size": 167808,
      "date": 132433214124264593
    },
    {
      "path": "scenery/global/scenery/TEXTURE/SEAT_02_RED.PNG.DDS.json",
      "size": 102,
      "date": 132433214124244605
    },
    {
      "path": "scenery/global/scenery/TEXTURE/SEAT_02_WHITE.PNG.DDS",
      "size": 167808,
      "date": 132433214108784604
    },
    {
      "path": "scenery/global/scenery/TEXTURE/SEAT_02_WHITE.PNG.DDS.json",
      "size": 102,
      "date": 132433214108774604
    },
    {
      "path": "scenery/global/scenery/TEXTURE/STREET_TILE.PNG.DDS",
      "size": 327816,
      "date": 132433214123704597
    },
    {
      "path": "scenery/global/scenery/TEXTURE/STREET_TILE.PNG.DDS.json",
      "size": 102,
      "date": 132433214123694595
    },
    {
      "path": "scenery/world/scenery/GROUND.BGL",
      "size": 931,
      "date": 132433214138584975
    },
    {
      "path": "scenery/world/scenery/oldtrafford.bgl",
      "size": 156,
      "date": 132433225347619581
    }
  ]
}