{
  "content": [
    {
      "path": "ContentInfo/jodrellbankobservatory-scene-scene/Thumbnail.jpg",
      "size": 18871,
      "date": 132433135372980906
    },
    {
      "path": "scenery/global/scenery/modelLib.BGL",
      "size": 2212430,
      "date": 132434642185149947
    },
    {
      "path": "scenery/global/scenery/TEXTURE/UNTITLED.PNG.DDS",
      "size": 22369776,
      "date": 132434642181309949
    },
    {
      "path": "scenery/global/scenery/TEXTURE/UNTITLED.PNG.DDS.json",
      "size": 119,
      "date": 132434642181119944
    },
    {
      "path": "scenery/world/scenery/jodrellbankobservatory.bgl",
      "size": 156,
      "date": 132434654015217165
    },
    {
      "path": "scenery/world/scenery/JODRELLBANKOBSERVATORYSHP.BGL",
      "size": 926,
      "date": 132434654015428411
    }
  ]
}