{
  "content": [
    {
      "path": "Business.json",
      "size": 123,
      "date": 132431499910179438
    },
    {
      "path": "manifest.json",
      "size": 271,
      "date": 132431502705307330
    },
    {
      "path": "scenery/global/scenery/modelLib.BGL",
      "size": 78322,
      "date": 132431500340013350
    },
    {
      "path": "scenery/global/scenery/TEXTURE/CARDINGTON-HANGERS.PNG.DDS",
      "size": 22369776,
      "date": 132431500339473061
    },
    {
      "path": "scenery/global/scenery/TEXTURE/CARDINGTON-HANGERS.PNG.DDS.json",
      "size": 119,
      "date": 132431500339173070
    },
    {
      "path": "scenery/world/scenery/objects.bgl",
      "size": 300,
      "date": 132431540139054919
    }
  ]
}